year,population [number],gdp [$ million],energy_consumption [pj],energy_consumption_per_capita [gj/person],energy_intensity [gj/$ million],energy_productivity [$ million/pj],state
1960,10548267,308362,1336.6,126.713,4334.516,230.706,Australia
1961,10742291,312353,1365.8,127.142,4372.617,228.696,Australia
1962,10950379,331770,1432.2,130.79,4316.846,231.651,Australia
1963,11166702,354929,1531.4,137.14,4314.666,231.768,Australia
1964,11387665,376155,1625.3,142.725,4320.825,231.437,Australia
1965,11599498,385103,1713.1,147.687,4448.42,224.799,Australia
1966,11799078,409384,1805.8,153.046,4411.018,226.705,Australia
1967,12008635,430237,1898.9,158.128,4413.614,226.572,Australia
1968,12263014,460548,2025.9,165.204,4398.89,227.33,Australia
1969,12507349,493596,2137.6,170.908,4330.667,230.911,Australia
1970,13067265,513343,2210.3,169.148,4305.698,232.25,Australia
1971,13303664,533416,2331.2,175.23,4370.323,228.816,Australia
1972,13504538,547388,2447.8,181.258,4471.782,223.625,Australia
1973,13722571,569871,2615.2,190.577,4589.109,217.907,Australia
1974,13892995,577487,2694.8,193.968,4666.425,214.297,Australia
1975,14033083,592437,2730.8,194.597,4609.435,216.946,Australia
1976,14192234,613736,2905.9,204.753,4734.772,211.203,Australia
1977,14359255,619219,2985.1,207.887,4820.75,207.437,Australia
1978,14515729,644300,3053.1,210.33,4738.631,211.031,Australia
1979,14695356,663859,3131.4,213.088,4716.966,212.001,Australia
1980,14923260,686031,3146.3,210.832,4586.236,218.044,Australia
1981,15184247,708843,3237.6,213.221,4567.443,218.941,Australia
1982,15393472,693075,3122.7,202.859,4505.573,221.947,Australia
1983,15579391,724899,3221.2,206.76,4443.654,225.04,Australia
1984,15788312,763163,3370.7,213.493,4416.75,226.411,Australia
1985,16018350,793428,3402.5,212.413,4288.354,233.19,Australia
1986,16263874,813760,3514.4,216.086,4318.718,231.55,Australia
1987,16532164,860583,3623,219.149,4209.937,237.533,Australia
1988,16814416,893962,3832.7,227.941,4287.319,233.246,Australia
1989,17065128,925958,3945.9,231.226,4261.424,234.663,Australia
1990,17284036,922422,3949.9,228.529,4282.096,233.53,Australia
1991,17478635,926367,3982.7,227.861,4299.268,232.598,Australia
1992,17634808,963840,4081.8,231.463,4234.935,236.131,Australia
1993,17805468,1002198,4181.9,234.866,4172.728,239.651,Australia
1994,18004882,1041115,4365.4,242.457,4193.005,238.493,Australia
1995,18224767,1081343,4505.5,247.219,4166.578,240.005,Australia
1996,18423037,1123658,4611.1,250.29,4103.651,243.685,Australia
1997,18607584,1176057,4777.6,256.756,4062.388,246.161,Australia
1998,18812264,1235185,4884.7,259.655,3954.63,252.868,Australia
1999,19028802,1283623,4971,261.236,3872.632,258.222,Australia
2000,19274701,1309618,5011.8,260.02,3826.917,261.307,Australia
2001,19495210,1361736,5097,261.449,3743.016,267.164,Australia
2002,19720737,1403823,5138.674,260.572,3660.486,273.188,Australia
2003,19932722,1463125,5284.727,265.128,3611.945,276.859,Australia
2004,20176844,1509274,5399.2,267.594,3577.349,279.537,Australia
2005,20450966,1550859,5546.742,271.222,3576.561,279.598,Australia
2006,20827622,1609379,5723.991,274.827,3556.645,281.164,Australia
2007,21249199,1667095,5738.33,270.049,3442.113,290.519,Australia
2008,21691653,1698646,5844.233,269.423,3440.524,290.653,Australia
2009,22031750,1736467,5823.803,264.337,3353.823,298.167,Australia
2010,22340024,1778298,5902.889,264.229,3319.404,301.259,Australia
2011,22733465,1847979,5888.427,259.02,3186.414,313.832,Australia
2012,23128129,1896141,5916.732,255.824,3120.407,320.471,Australia
2013,23475686,1945581,5870.951,250.086,3017.582,331.391,Australia
2014,23815995,1988419,5898.418,247.666,2966.386,337.111,Australia
2015,24190907,2043680,6034.872,249.469,2952.944,338.645,Australia
2016,24592588,2091067,6104.651,248.231,2919.395,342.537,Australia
2017,24963258,2151841,6168.093,247.087,2866.426,348.866,Australia
2018,25334826,2198775,6188.282,244.26,2814.423,355.313,Australia
2019,25649248,2191416,6001.048,233.966,2738.434,365.172,Australia
2020,25685412,2237695,5769.218,224.611,2578.197,387.868,Australia
2021,26014399,2333221,5765.137,221.613,2470.892,404.712,Australia
2022,26658948,2403614,5882.206,220.647,2447.234,408.625,Australia
1960,3977329,,568.2,142.86,,,New South Wales
1961,4053121,,579.4,142.952,,,New South Wales
1962,4123398,,594.9,144.274,,,New South Wales
1963,4188248,,638.6,152.474,,,New South Wales
1964,4263903,,678.2,159.056,,,New South Wales
1965,4333933,,702.2,162.024,,,New South Wales
1966,4398717,,739.6,168.14,,,New South Wales
1967,4471420,,779.6,174.352,,,New South Wales
1968,4562850,,810.3,177.586,,,New South Wales
1969,4653798,,833.1,179.015,,,New South Wales
1970,4876672,,853.3,174.976,,,New South Wales
1971,4954898,,883.5,178.308,,,New South Wales
1972,5015204,,927.1,184.858,,,New South Wales
1973,5080294,,943,185.619,,,New South Wales
1974,5131023,,964.7,188.013,,,New South Wales
1975,5167328,,934,180.751,,,New South Wales
1976,5215576,,980.2,187.937,,,New South Wales
1977,5271771,,1011.3,191.833,,,New South Wales
1978,5331927,,1019.3,191.169,,,New South Wales
1979,5395818,,1059,196.263,,,New South Wales
1980,5462470,,1060.4,194.125,,,New South Wales
1981,5536625,,1077.8,194.667,,,New South Wales
1982,5591942,,1002.5,179.276,,,New South Wales
1983,5647841,,1045.6,185.133,,,New South Wales
1984,5715901,,1080.3,188.999,,,New South Wales
1985,5790436,,1108.7,191.471,,,New South Wales
1986,5882213,,1137.1,193.312,,,New South Wales
1987,5979438,,1143.3,191.205,,,New South Wales
1988,6052715,,1194.2,197.3,,,New South Wales
1989,6116232,351312,1230.4,201.17,3502.3,285.527,New South Wales
1990,6188051,353238,1228.6,198.544,3478.108,287.513,New South Wales
1991,6252709,353952,1219.4,195.019,3445.1,290.267,New South Wales
1992,6294808,364053,1249.1,198.433,3431.094,291.452,New South Wales
1993,6347013,377622,1276.7,201.15,3380.894,295.78,New South Wales
1994,6411398,391501,1314.6,205.041,3357.846,297.81,New South Wales
1995,6486090,405914,1351.2,208.323,3328.784,300.41,New South Wales
1996,6556800,419369,1380.6,210.56,3292.089,303.759,New South Wales
1997,6617331,434957,1382,208.845,3177.326,314.73,New South Wales
1998,6689274,456144,1413.8,211.353,3099.46,322.637,New South Wales
1999,6763793,475773,1426.3,210.873,2997.858,333.572,New South Wales
2000,6851887,484763,1450.5,211.694,2992.184,334.204,New South Wales
2001,6905434,494144,1445.7,209.357,2925.665,341.803,New South Wales
2002,6948072,504985,1510.475,217.395,2991.129,334.322,New South Wales
2003,6979675,518981,1574.793,225.625,3034.394,329.555,New South Wales
2004,7024605,526405,1544.916,219.929,2934.843,340.734,New South Wales
2005,7077860,533185,1545.985,218.425,2899.528,344.884,New South Wales
2006,7176800,543661,1568.894,218.606,2885.795,346.525,New South Wales
2007,7291829,555633,1610.708,220.892,2898.87,344.962,New South Wales
2008,7408540,564017,1593.538,215.095,2825.337,353.94,New South Wales
2009,7506058,573831,1645.288,219.195,2867.2,348.772,New South Wales
2010,7586514,585622,1668.025,219.867,2848.296,351.087,New South Wales
2011,7680783,600424,1621.305,211.086,2700.266,370.334,New South Wales
2012,7787289,614045,1568.427,201.409,2554.254,391.504,New South Wales
2013,7897152,627736,1526.538,193.302,2431.816,411.215,New South Wales
2014,8011981,645047,1478.836,184.578,2292.602,436.186,New South Wales
2015,8135962,669361,1524.256,187.348,2277.181,439.139,New South Wales
2016,8270362,687118,1533.049,185.367,2231.13,448.203,New South Wales
2017,8380557,703334,1564.673,186.703,2224.651,449.509,New South Wales
2018,8482478,722386,1555.625,183.393,2153.454,464.37,New South Wales
2019,8555513,717075,1477.818,172.733,2060.898,485.225,New South Wales
2020,8549570,734160,1401.642,163.943,1909.177,523.786,New South Wales
2021,8623619,753489,1374.387,159.375,1824.031,548.236,New South Wales
2022,8811429,781854,1439.191,163.332,1840.741,543.26,New South Wales
1960,2930366,,378.1,129.028,,,Victoria
1961,2983058,,389.2,130.47,,,Victoria
1962,3040841,,410.4,134.963,,,Victoria
1963,3105519,,438.2,141.104,,,Victoria
1964,3164369,,460.7,145.59,,,Victoria
1965,3220217,,485.3,150.704,,,Victoria
1966,3274340,,503.6,153.802,,,Victoria
1967,3324180,,521.4,156.851,,,Victoria
1968,3385043,,543.3,160.5,,,Victoria
1969,3444936,,581.3,168.74,,,Victoria
1970,3601352,,599.3,166.41,,,Victoria
1971,3661254,,636.2,173.766,,,Victoria
1972,3707653,,656,176.931,,,Victoria
1973,3755726,,710.9,189.284,,,Victoria
1974,3787441,,731,193.006,,,Victoria
1975,3810426,,752.8,197.563,,,Victoria
1976,3837364,,802.1,209.024,,,Victoria
1977,3863759,,823.1,213.031,,,Victoria
1978,3886406,,857.3,220.589,,,Victoria
1979,3914303,,869.4,222.108,,,Victoria
1980,3946917,,880.8,223.161,,,Victoria
1981,3992870,,939.4,235.269,,,Victoria
1982,4035702,,896.5,222.142,,,Victoria
1983,4076492,,904.9,221.98,,,Victoria
1984,4120068,,936.2,227.229,,,Victoria
1985,4160856,,926.4,222.647,,,Victoria
1986,4210111,,979.5,232.654,,,Victoria
1987,4262569,,1014.5,238.002,,,Victoria
1988,4320164,,1090.2,252.351,,,Victoria
1989,4378592,216165,1099.8,251.177,5087.78,196.549,Victoria
1990,4420373,210558,1090.9,246.789,5180.995,193.013,Victoria
1991,4450217,207543,1108.7,249.134,5342.026,187.195,Victoria
1992,4462766,217875,1104.7,247.537,5070.338,197.226,Victoria
1993,4472989,225250,1102.5,246.48,4894.562,204.308,Victoria
1994,4497660,232307,1152.2,256.178,4959.816,201.62,Victoria
1995,4534984,240327,1184.9,261.28,4930.366,202.825,Victoria
1996,4569297,250923,1202.7,263.213,4793.104,208.633,Victoria
1997,4606970,265717,1286.3,279.207,4840.865,206.575,Victoria
1998,4652462,282577,1318.3,283.355,4665.277,214.35,Victoria
1999,4704065,292216,1346.3,286.199,4607.208,217.051,Victoria
2000,4763615,297726,1337.2,280.711,4491.378,222.649,Victoria
2001,4817774,309125,1371.9,284.758,4438.011,225.326,Victoria
2002,4873809,317744,1330.624,273.015,4187.723,238.793,Victoria
2003,4927149,329621,1364.902,277.017,4140.822,241.498,Victoria
2004,4989246,343515,1356.513,271.887,3948.918,253.234,Victoria
2005,5061266,351392,1429.476,282.434,4068.037,245.819,Victoria
2006,5153522,361288,1433.859,278.229,3968.742,251.969,Victoria
2007,5256375,374193,1426.079,271.305,3811.078,262.393,Victoria
2008,5371934,381400,1421.679,264.649,3727.528,268.274,Victoria
2009,5461101,385336,1426.739,261.255,3702.583,270.082,Victoria
2010,5537817,396253,1448.557,261.575,3655.637,273.55,Victoria
2011,5651091,405822,1457.312,257.882,3591.013,278.473,Victoria
2012,5772669,409802,1425.302,246.905,3478.026,287.519,Victoria
2013,5894917,418902,1394.779,236.607,3329.606,300.336,Victoria
2014,6022322,430757,1392.271,231.185,3232.149,309.392,Victoria
2015,6173172,445714,1414.792,229.184,3174.215,315.038,Victoria
2016,6302608,462737,1384.789,219.717,2992.606,334.157,Victoria
2017,6423038,478591,1309.98,203.95,2737.16,365.342,Victoria
2018,6537305,493087,1276.267,195.228,2588.32,386.351,Victoria
2019,6615046,491651,1207.708,182.57,2456.434,407.094,Victoria
2020,6547822,490667,1128.83,172.398,2300.604,434.668,Victoria
2021,6630631,521709,1148.131,173.156,2200.712,454.398,Victoria
2022,6818442,535489,1172.601,171.975,2189.777,456.668,Victoria
1960,1527514,,159.4,104.353,,,Queensland
1961,1550982,,162.7,104.901,,,Queensland
1962,1577867,,177.2,112.304,,,Queensland
1963,1610698,,185.5,115.168,,,Queensland
1964,1644534,,197.9,120.338,,,Queensland
1965,1674324,,218.4,130.441,,,Queensland
1966,1699982,,237.8,139.884,,,Queensland
1967,1728996,,249,144.014,,,Queensland
1968,1763087,,268.8,152.46,,,Queensland
1969,1792743,,285.3,159.142,,,Queensland
1970,1851485,,292.8,158.143,,,Queensland
1971,1898478,,320.2,168.661,,,Queensland
1972,1951951,,337.9,173.109,,,Queensland
1973,2008340,,371.3,184.879,,,Queensland
1974,2051362,,392.6,191.385,,,Queensland
1975,2092375,,410,195.95,,,Queensland
1976,2129839,,441.8,207.434,,,Queensland
1977,2172047,,461.2,212.334,,,Queensland
1978,2214771,,463.2,209.141,,,Queensland
1979,2265935,,480.2,211.921,,,Queensland
1980,2345208,,502.9,214.437,,,Queensland
1981,2424586,,537.2,221.564,,,Queensland
1982,2482282,,541.5,218.146,,,Queensland
1983,2523859,,571.6,226.479,,,Queensland
1984,2571218,,600.3,233.469,,,Queensland
1985,2624595,,604.8,230.436,,,Queensland
1986,2675107,,620,231.766,,,Queensland
1987,2739907,,642.4,234.46,,,Queensland
1988,2827637,,678.3,239.882,,,Queensland
1989,2899283,141394,691.8,238.611,4892.711,204.386,Queensland
1990,2960951,141579,702,237.086,4958.362,201.679,Queensland
1991,3023198,146454,715,236.505,4882.079,204.831,Queensland
1992,3096185,155635,758.5,244.979,4873.582,205.188,Queensland
1993,3166566,163389,793.2,250.492,4854.672,205.987,Queensland
1994,3237380,172822,847.3,261.724,4902.732,203.968,Queensland
1995,3303192,178624,882.7,267.226,4941.665,202.361,Queensland
1996,3355417,188157,914.1,272.425,4858.177,205.839,Queensland
1997,3404484,195747,968.5,284.478,4947.713,202.114,Queensland
1998,3453936,207327,983.8,284.834,4745.161,210.741,Queensland
1999,3509458,216949,1009.7,287.708,4654.089,214.865,Queensland
2000,3571469,223422,1020,285.597,4565.352,219.041,Queensland
2001,3653123,237637,1057.8,289.56,4451.327,224.652,Queensland
2002,3743121,248524,1064.037,284.265,4281.425,233.567,Queensland
2003,3829970,265133,1081.105,282.275,4077.596,245.243,Queensland
2004,3918494,279279,1225.086,312.642,4386.604,227.967,Queensland
2005,4007992,293682,1279.525,319.243,4356.837,229.524,Queensland
2006,4111018,313527,1328.997,323.277,4238.859,235.913,Queensland
2007,4219505,328402,1289.546,305.616,3926.73,254.665,Queensland
2008,4328771,332831,1345.729,310.88,4043.281,247.324,Queensland
2009,4404744,339914,1294.384,293.861,3807.975,262.607,Queensland
2010,4476778,342795,1249.598,279.129,3645.321,274.324,Queensland
2011,4568687,362790,1314.818,287.789,3624.184,275.924,Queensland
2012,4652824,373159,1334.792,286.878,3577.007,279.563,Queensland
2013,4719653,380604,1338.862,283.678,3517.729,284.274,Queensland
2014,4777692,383818,1436.133,300.592,3741.704,267.258,Queensland
2015,4845152,392991,1464.555,302.272,3726.689,268.335,Queensland
2016,4926380,403260,1531.887,310.956,3798.758,263.244,Queensland
2017,5006623,419368,1548.429,309.276,3692.291,270.834,Queensland
2018,5088847,423285,1529.509,300.561,3613.425,276.746,Queensland
2019,5165613,418498,1486.306,287.731,3551.524,281.569,Queensland
2020,5215814,430157,1442.618,276.585,3353.701,298.178,Queensland
2021,5320941,454026,1428.315,268.433,3145.887,317.875,Queensland
2022,5461367,464580,1441.742,263.989,3103.324,322.235,Queensland
1960,971487,,91.4,94.083,,,South Australia
1961,987496,,94.7,95.899,,,South Australia
1962,1010741,,101.6,100.52,,,South Australia
1963,1038020,,111.2,107.127,,,South Australia
1964,1067571,,123.4,115.59,,,South Australia
1965,1094984,,132.1,120.641,,,South Australia
1966,1109780,,137.5,123.898,,,South Australia
1967,1121811,,143,127.472,,,South Australia
1968,1139333,,168.1,147.542,,,South Australia
1969,1157987,,187.1,161.573,,,South Australia
1970,1200114,,191.9,159.901,,,South Australia
1971,1214628,,189.1,155.686,,,South Australia
1972,1228475,,202.5,164.839,,,South Australia
1973,1241538,,215.4,173.494,,,South Australia
1974,1265264,,222.8,176.09,,,South Australia
1975,1274070,,234.5,184.056,,,South Australia
1976,1286119,,249.3,193.839,,,South Australia
1977,1296205,,247.7,191.096,,,South Australia
1978,1301109,,259.6,199.522,,,South Australia
1979,1308397,,264.2,201.926,,,South Australia
1980,1318769,,255.7,193.893,,,South Australia
1981,1331108,,260,195.326,,,South Australia
1982,1345775,,254.6,189.185,,,South Australia
1983,1360048,,258,189.699,,,South Australia
1984,1371197,,280.2,204.347,,,South Australia
1985,1382550,,284.5,205.779,,,South Australia
1986,1392764,,284.7,204.414,,,South Australia
1987,1404909,,291.1,207.202,,,South Australia
1988,1419029,,299.3,210.919,,,South Australia
1989,1432056,62973,301.9,210.816,4794.118,208.589,South Australia
1990,1446299,62741,287.4,198.714,4580.737,218.305,South Australia
1991,1455442,61664,296.9,203.993,4814.803,207.693,South Australia
1992,1458632,63323,300.1,205.741,4739.194,211.006,South Australia
1993,1463089,65059,304.8,208.326,4684.978,213.448,South Australia
1994,1465340,65967,304.4,207.733,4614.428,216.712,South Australia
1995,1469079,68639,296.6,201.895,4321.159,231.419,South Australia
1996,1475658,71249,299.7,203.096,4206.375,237.734,South Australia
1997,1483270,75166,311.9,210.279,4149.482,240.994,South Australia
1998,1490934,76736,327.2,219.46,4263.97,234.523,South Australia
1999,1497503,79433,328,219.031,4129.266,242.174,South Australia
2000,1503461,81859,329.3,219.028,4022.771,248.585,South Australia
2001,1511567,85909,328.1,217.06,3819.157,261.838,South Australia
2002,1520399,88107,357.298,235.003,4055.272,246.593,South Australia
2003,1528189,91029,371.539,243.124,4081.543,245.005,South Australia
2004,1538804,92929,355.551,231.057,3826.05,261.366,South Australia
2005,1552529,94203,350.118,225.515,3716.632,269.061,South Australia
2006,1570619,95914,375.461,239.053,3914.553,255.457,South Australia
2007,1588665,100398,372.533,234.494,3710.561,269.501,South Australia
2008,1608902,103137,357.225,222.03,3463.599,288.717,South Australia
2009,1627322,105358,343.727,211.222,3262.466,306.517,South Australia
2010,1639614,107659,342.809,209.079,3184.215,314.049,South Australia
2011,1656725,108761,307.665,185.706,2828.813,353.505,South Australia
2012,1671488,109578,356.279,213.151,3251.372,307.562,South Australia
2013,1686945,110004,337.065,199.808,3064.116,326.358,South Australia
2014,1700668,111249,356.925,209.874,3208.346,311.687,South Australia
2015,1712843,111865,316.388,184.715,2828.297,353.57,South Australia
2016,1728673,114015,287.382,166.244,2520.56,396.737,South Australia
2017,1746137,116570,334.653,191.653,2870.833,348.331,South Australia
2018,1767395,117925,324.507,183.608,2751.809,363.397,South Australia
2019,1790355,116749,317.704,177.453,2721.253,367.478,South Australia
2020,1802601,122455,308.734,171.271,2521.203,396.636,South Australia
2021,1821215,129272,301.274,165.425,2330.544,429.084,South Australia
2022,1853064,134209,300.001,161.894,2235.326,447.362,South Australia
1960,746750,,99.6,133.378,,,Western Australia
1961,765962,,99.1,129.38,,,Western Australia
1962,788344,,103.9,131.795,,,Western Australia
1963,808443,,110.8,137.054,,,Western Australia
1964,825525,,115.9,140.396,,,Western Australia
1965,848100,,124.6,146.917,,,Western Australia
1966,879179,,136.2,154.917,,,Western Australia
1967,915042,,157.1,171.686,,,Western Australia
1968,954846,,169.4,177.411,,,Western Australia
1969,991354,,189.8,191.455,,,Western Australia
1970,1053834,,209.1,198.418,,,Western Australia
1971,1082017,,221.7,204.895,,,Western Australia
1972,1101041,,239.1,217.158,,,Western Australia
1973,1127598,,272.6,241.753,,,Western Australia
1974,1154948,,279.6,242.089,,,Western Australia
1975,1178342,,296.5,251.625,,,Western Australia
1976,1204366,,322.1,267.444,,,Western Australia
1977,1227851,,328.4,267.459,,,Western Australia
1978,1246611,,336,269.531,,,Western Australia
1979,1269068,,334.1,263.264,,,Western Australia
1980,1300056,,322,247.682,,,Western Australia
1981,1338899,,300.1,224.139,,,Western Australia
1982,1369050,,304.6,222.49,,,Western Australia
1983,1391237,,313.9,225.626,,,Western Australia
1984,1418564,,343.1,241.864,,,Western Australia
1985,1459019,,344.8,236.323,,,Western Australia
1986,1496248,,358.4,239.532,,,Western Australia
1987,1535167,,391.1,254.761,,,Western Australia
1988,1578434,,427.7,270.965,,,Western Australia
1989,1613049,113786,473,293.234,4156.926,240.562,Western Australia
1990,1636067,114505,488.4,298.521,4265.316,234.449,Western Australia
1991,1658544,118247,496.4,299.299,4197.992,238.209,Western Australia
1992,1678722,123722,522,310.951,4219.136,237.015,Western Australia
1993,1704649,132148,554.1,325.052,4193.026,238.491,Western Australia
1994,1736066,139504,592.7,341.404,4248.624,235.37,Western Australia
1995,1768206,147706,630.2,356.406,4266.584,234.38,Western Australia
1996,1798341,152776,649.6,361.222,4251.977,235.185,Western Australia
1997,1826440,161351,662.6,362.782,4106.575,243.512,Western Australia
1998,1853936,166252,672.8,362.904,4046.869,247.105,Western Australia
1999,1879093,173079,688.5,366.4,3977.952,251.386,Western Australia
2000,1906274,174727,708.1,371.458,4052.608,246.755,Western Australia
2001,1928512,186351,722.9,374.849,3879.239,257.783,Western Australia
2002,1952741,195996,719.958,368.691,3673.328,272.233,Western Australia
2003,1979542,210295,730.333,368.941,3472.9,287.944,Western Australia
2004,2011207,218121,748.204,372.017,3430.223,291.526,Western Australia
2005,2050581,228867,757.067,369.196,3307.89,302.308,Western Australia
2006,2106139,244161,820.67,389.656,3361.185,297.514,Western Australia
2007,2171700,256777,827.963,381.251,3224.443,310.131,Western Australia
2008,2240250,262862,917.222,409.428,3489.367,286.585,Western Australia
2009,2290845,278607,905.748,395.377,3250.987,307.599,Western Australia
2010,2353409,291562,980.289,416.54,3362.196,297.425,Western Australia
2011,2425507,315714,982.163,404.931,3110.927,321.448,Western Australia
2012,2486944,334784,1019.454,409.922,3045.109,328.396,Western Australia
2013,2517608,354070,1066.563,423.642,3012.296,331.973,Western Australia
2014,2540672,362109,1045.337,411.441,2886.803,346.404,Western Australia
2015,2555978,365881,1123.903,439.715,3071.771,325.545,Western Australia
2016,2585720,362200,1176.761,455.1,3248.926,307.794,Western Australia
2017,2617792,370153,1209.656,462.09,3267.99,305.998,Western Australia
2018,2659625,376299,1261.191,474.199,3351.565,298.368,Western Australia
2019,2712912,380717,1264.935,466.264,3322.506,300.978,Western Australia
2020,2749365,393223,1238.945,450.629,3150.743,317.385,Western Australia
2021,2791794,404762,1257.883,450.564,3107.709,321.78,Western Australia
2022,2883245,418775,1293.628,448.671,3089.076,323.721,Western Australia
1960,350340,,39.1,111.606,,,Tasmania
1961,355668,,38.9,109.372,,,Tasmania
1962,360727,,42.3,117.263,,,Tasmania
1963,364311,,45.7,125.442,,,Tasmania
1964,367905,,47.3,128.566,,,Tasmania
1965,371436,,48.4,130.305,,,Tasmania
1966,375244,,50.7,135.112,,,Tasmania
1967,379649,,52.6,138.549,,,Tasmania
1968,384893,,59.6,154.848,,,Tasmania
1969,387720,,61.2,157.846,,,Tasmania
1970,398073,,65.5,164.543,,,Tasmania
1971,400308,,65.7,164.124,,,Tasmania
1972,403087,,68.3,169.442,,,Tasmania
1973,406151,,71.9,177.028,,,Tasmania
1974,410088,,71.3,173.865,,,Tasmania
1975,412314,,71.9,174.382,,,Tasmania
1976,415032,,77,185.528,,,Tasmania
1977,417642,,78.4,187.721,,,Tasmania
1978,420756,,82,194.887,,,Tasmania
1979,423590,,84.6,199.721,,,Tasmania
1980,427224,,83.3,194.98,,,Tasmania
1981,429845,,84.5,196.583,,,Tasmania
1982,432805,,82.3,190.155,,,Tasmania
1983,437760,,83.3,190.287,,,Tasmania
1984,442828,,85,191.948,,,Tasmania
1985,446473,,86.4,193.517,,,Tasmania
1986,449226,,85.4,190.105,,,Tasmania
1987,451148,,89.5,198.383,,,Tasmania
1988,455258,,92,202.083,,,Tasmania
1989,462188,17721,96.6,209.006,5451.16,183.447,Tasmania
1990,466802,17702,97.6,209.082,5513.501,181.373,Tasmania
1991,469979,18138,89.3,190.008,4923.365,203.113,Tasmania
1992,471987,18726,90.1,190.895,4811.492,207.836,Tasmania
1993,473499,19124,92,194.298,4810.709,207.87,Tasmania
1994,474515,19616,92.4,194.725,4710.44,212.294,Tasmania
1995,475605,20368,93,195.54,4565.986,219.011,Tasmania
1996,474908,20714,94.8,199.618,4576.615,218.502,Tasmania
1997,473430,21489,95.8,202.353,4458.095,224.311,Tasmania
1998,473030,21981,95.7,202.313,4353.76,229.686,Tasmania
1999,473123,22107,95.8,202.484,4333.469,230.762,Tasmania
2000,473668,21921,93.6,197.607,4269.878,234.199,Tasmania
2001,474152,23077,97.2,204.998,4211.986,237.418,Tasmania
2002,478534,23727,99.5,207.927,4193.534,238.462,Tasmania
2003,483178,24945,103.4,213.999,4145.109,241.248,Tasmania
2004,486202,25593,107.395,220.885,4196.255,238.308,Tasmania
2005,489302,26614,111.574,228.026,4192.294,238.533,Tasmania
2006,493262,27324,113.322,229.74,4147.353,241.118,Tasmania
2007,498568,28480,115.507,231.678,4055.735,246.564,Tasmania
2008,504353,29285,113.795,225.625,3885.763,257.35,Tasmania
2009,508847,29543,113.744,223.533,3850.118,259.732,Tasmania
2010,511483,30250,113.825,222.54,3762.818,265.758,Tasmania
2011,511724,30849,106.97,209.039,3467.548,288.388,Tasmania
2012,512231,30685,112.322,219.28,3660.489,273.188,Tasmania
2013,513621,31155,108.002,210.276,3466.608,288.466,Tasmania
2014,515117,31515,104.927,203.696,3329.445,300.35,Tasmania
2015,517514,32085,107.059,206.872,3336.742,299.694,Tasmania
2016,526762,32473,107.463,204.007,3309.301,302.179,Tasmania
2017,537291,33667,110.54,205.737,3283.345,304.568,Tasmania
2018,547841,34897,108.161,197.432,3099.448,322.638,Tasmania
2019,557578,34931,100.079,179.488,2865.034,349.036,Tasmania
2020,567239,36598,103.108,181.772,2817.322,354.947,Tasmania
2021,571051,38171,105.375,184.527,2760.593,362.241,Tasmania
2022,573479,38584,105.451,183.879,2733.019,365.896,Tasmania
1960,44481,,4.8,107.911,,,Northern Territory
1961,46004,,5.6,121.728,,,Northern Territory
1962,48461,,4.7,96.985,,,Northern Territory
1963,51463,,5.8,112.702,,,Northern Territory
1964,53858,,6.4,118.831,,,Northern Territory
1965,56504,,6.5,115.036,,,Northern Territory
1966,61836,,6.9,111.586,,,Northern Territory
1967,67537,,8.7,128.818,,,Northern Territory
1968,72962,,12.3,168.581,,,Northern Territory
1969,78811,,14,177.64,,,Northern Territory
1970,85735,,15.9,185.455,,,Northern Territory
1971,92081,,18.7,203.082,,,Northern Territory
1972,97127,,24.1,248.129,,,Northern Territory
1973,102924,,30.1,292.449,,,Northern Territory
1974,92869,,32.8,353.186,,,Northern Territory
1975,98228,,31.2,317.628,,,Northern Territory
1976,103938,,33.6,323.27,,,Northern Territory
1977,109980,,35.1,319.149,,,Northern Territory
1978,114149,,35.7,312.749,,,Northern Territory
1979,118245,,40,338.281,,,Northern Territory
1980,122616,,41.3,336.824,,,Northern Territory
1981,130314,,38.6,296.208,,,Northern Territory
1982,135916,,40.8,300.185,,,Northern Territory
1983,142154,,43.8,308.116,,,Northern Territory
1984,148536,,45.8,308.343,,,Northern Territory
1985,154421,,47,304.363,,,Northern Territory
1986,158205,,49.3,311.621,,,Northern Territory
1987,159026,,51.1,321.331,,,Northern Territory
1988,161179,,51,316.418,,,Northern Territory
1989,163728,11319,52.5,320.654,4638.219,215.6,Northern Territory
1990,165493,11607,55,332.34,4738.52,211.036,Northern Territory
1991,168546,11298,56.9,337.593,5036.29,198.559,Northern Territory
1992,171708,11314,57.2,333.124,5055.683,197.797,Northern Territory
1993,174908,11116,58.5,334.462,5262.684,190.017,Northern Territory
1994,179602,11655,61.8,344.094,5302.445,188.592,Northern Territory
1995,184516,12585,67,363.112,5323.798,187.836,Northern Territory
1996,189755,12849,69.7,367.316,5424.547,184.347,Northern Territory
1997,192905,13720,70.4,364.946,5131.195,194.886,Northern Territory
1998,196012,15284,73.2,373.446,4789.322,208.798,Northern Territory
1999,199149,15117,76.4,383.632,5053.913,197.866,Northern Territory
2000,201743,15727,73.2,362.838,4654.416,214.85,Northern Territory
2001,202251,17042,73.4,362.915,4307.006,232.18,Northern Territory
2002,201725,17235,56.783,281.485,3294.605,303.526,Northern Territory
2003,202663,17367,58.655,289.422,3377.387,296.087,Northern Territory
2004,205905,18162,61.536,298.855,3388.161,295.145,Northern Territory
2005,209057,19356,72.998,349.179,3771.349,265.157,Northern Territory
2006,213748,21750,82.787,387.313,3806.317,262.721,Northern Territory
2007,219874,21977,95.995,436.589,4367.955,228.94,Northern Territory
2008,226027,23843,95.044,420.5,3986.261,250.862,Northern Territory
2009,229778,23732,94.174,409.847,3968.219,252.002,Northern Territory
2010,231292,24414,99.786,431.428,4087.235,244.664,Northern Territory
2011,235915,25391,98.194,416.225,3867.263,258.581,Northern Territory
2012,241722,27120,100.156,414.344,3693.068,270.778,Northern Territory
2013,242894,27450,99.141,408.168,3611.711,276.877,Northern Territory
2014,244692,27816,83.987,343.237,3019.386,331.193,Northern Territory
2015,245678,28367,83.919,341.581,2958.332,338.028,Northern Territory
2016,247412,28782,83.32,336.764,2894.85,345.441,Northern Territory
2017,247095,29356,90.161,364.884,3071.302,325.595,Northern Territory
2018,246559,29020,133.022,539.514,4583.809,218.159,Northern Territory
2019,247428,30758,146.499,592.089,4762.969,209.953,Northern Territory
2020,248151,30253,145.341,585.695,4804.18,208.152,Northern Territory
2021,250228,31792,149.773,598.545,4711.02,212.268,Northern Territory
2022,252955,30123,129.592,512.312,4302.094,232.445,Northern Territory
